class,assd_mean,assd_std,dice_mean,dice_std,hd95_mean,hd95_std,jaccard_mean,jaccard_std
0,0.7036896,0.15552065,0.9975088,0.00010891734,4.220225,0.65605915,0.99503344,0.00021678105
1,44.989063,3.5879028,0.011486329,0.0062068687,73.79878,9.084858,0.0058109984,0.003165579
2,27.158386,7.490526,0.016176103,0.010352571,55.047558,6.8707438,0.008312189,0.00528706
3,,,0.0,0.0,,,0.0,0.0
4,,,0.0,0.0,,,0.0,0.0
