class,assd_optimizer,assd_baseline,assd_diff,assd_diff_pct,dice_optimizer,dice_baseline,dice_diff,dice_diff_pct,hd95_optimizer,hd95_baseline,hd95_diff,hd95_diff_pct,jaccard_optimizer,jaccard_baseline,jaccard_diff,jaccard_diff_pct
0,0.34899160265922546,0.329305,0.01968660265922545,5.98%,0.998283863067627,0.998382,-9.813693237303855e-05,-0.01%,2.125335931777954,1.912323,0.2130129317779541,11.14%,0.9965770244598389,0.996772,-0.00019497554016112417,-0.02%
1,5.52389669418335,4.931058,0.5928386941833494,12.02%,0.42974698543548584,0.508109,-0.07836201456451419,-15.42%,21.057846069335938,16.61519,4.442656069335939,26.74%,0.2831960618495941,0.351674,-0.06847793815040587,-19.47%
2,4.911975383758545,4.420581,0.4913943837585446,11.12%,0.8469858169555664,0.861276,-0.014290183044433635,-1.66%,12.067509651184082,11.993433,0.07407665118408246,0.62%,0.7526006698608398,0.769862,-0.017261330139160203,-2.24%
3,2.722102165222168,3.382683,-0.6605808347778321,-19.53%,0.7401700019836426,0.794462,-0.05429199801635742,-6.83%,11.076661109924316,15.918163,-4.841501890075683,-30.41%,0.5969291925430298,0.667255,-0.07032580745697026,-10.54%
4,3.2198894023895264,3.075027,0.1448624023895264,4.71%,0.7616395950317383,0.770916,-0.009276404968261764,-1.20%,12.524544715881348,11.537312,0.9872327158813476,8.56%,0.6261176466941833,0.638944,-0.012826353305816607,-2.01%
