class,assd_optimizer,assd_baseline,assd_diff,assd_diff_pct,dice_optimizer,dice_baseline,dice_diff,dice_diff_pct,hd95_optimizer,hd95_baseline,hd95_diff,hd95_diff_pct,jaccard_optimizer,jaccard_baseline,jaccard_diff,jaccard_diff_pct
0,0.33207398653030396,0.329305,0.0027689865303039407,0.84%,0.9983396530151367,0.998382,-4.234698486327293e-05,-0.00%,1.9618759155273438,1.912323,0.049552915527343755,2.59%,0.9966891407966614,0.996772,-8.28592033386144e-05,-0.01%
1,4.653947353363037,4.931058,-0.27711064663696305,-5.62%,0.48593056201934814,0.508109,-0.02217843798065189,-4.36%,17.022096633911133,16.61519,0.40690663391113446,2.45%,0.3329463303089142,0.351674,-0.018727669691085802,-5.33%
2,4.8619537353515625,4.420581,0.4413727353515622,9.98%,0.8420096039772034,0.861276,-0.019266396022796672,-2.24%,12.02780532836914,11.993433,0.03437232836914106,0.29%,0.7497060894966125,0.769862,-0.020155910503387497,-2.62%
3,2.3622593879699707,3.382683,-1.0204236120300294,-30.17%,0.800584077835083,0.794462,0.006122077835083006,0.77%,13.176026344299316,15.918163,-2.7421366557006834,-17.23%,0.6769170165061951,0.667255,0.009662016506195026,1.45%
4,3.0319011211395264,3.075027,-0.04312587886047359,-1.40%,0.798671305179596,0.770916,0.0277553051795959,3.60%,13.384140014648438,11.537312,1.8468280146484375,16.01%,0.6775593757629395,0.638944,0.0386153757629395,6.04%
