class,assd_mean,assd_std,dice_mean,dice_std,hd95_mean,hd95_std,jaccard_mean,jaccard_std
0,0.3489916,0.039246477,0.99828386,0.00015902852,2.125336,0.24271713,0.996577,0.00031550473
1,5.5238967,2.0533428,0.429747,0.043652177,21.057846,10.382272,0.28319606,0.039193608
2,4.9119754,0.7528259,0.8469858,0.025959224,12.06751,1.7497294,0.75260067,0.027808141
3,2.7221022,0.18994342,0.74017,0.05811431,11.076661,1.6195053,0.5969292,0.068128906
4,3.2198894,0.27862668,0.7616396,0.024000451,12.524545,0.9850457,0.62611765,0.031590305
