class,assd_mean,assd_std,dice_mean,dice_std,hd95_mean,hd95_std,jaccard_mean,jaccard_std
0,0.332074,0.008906652,0.99833965,7.783357e-05,1.9618759,0.046120726,0.99668914,0.00015500812
1,4.6539474,0.39179492,0.48593056,0.021170618,17.022097,5.5333548,0.33294633,0.015303048
2,4.8619537,0.034830287,0.8420096,0.0127089415,12.027805,0.12193982,0.7497061,0.015749918
3,2.3622594,0.48490667,0.8005841,0.010658193,13.176026,5.6789327,0.676917,0.012639112
4,3.0319011,0.67921436,0.7986713,0.028201269,13.38414,3.7215812,0.6775594,0.03476971
