class,assd_optimizer,assd_baseline,assd_diff,assd_diff_pct,dice_optimizer,dice_baseline,dice_diff,dice_diff_pct,hd95_optimizer,hd95_baseline,hd95_diff,hd95_diff_pct,jaccard_optimizer,jaccard_baseline,jaccard_diff,jaccard_diff_pct
0,0.6960733532905579,0.332021,0.36405235329055785,109.65%,0.9976391196250916,0.99836,-0.0007208803749084725,-0.07%,3.7243611812591553,1.986989,1.7373721812591554,87.44%,0.9952922463417053,0.996729,-0.0014367536582946538,-0.14%
1,46.5894775390625,15.932012,30.6574655390625,192.43%,0.00688464380800724,0.412779,-0.40589435619199277,-98.33%,82.01521301269531,37.838722,44.176491012695315,116.75%,0.0034623583778738976,0.279329,-0.2758666416221261,-98.76%
2,,5.09774,,nan%,0.006570354104042053,0.829282,-0.8227116458959579,-99.21%,,13.85312,,nan%,0.003492130897939205,0.729888,-0.7263958691020608,-99.52%
3,,3.018317,,nan%,0.0,0.770529,-0.770529,-100.00%,,14.664227,,nan%,0.0,0.638766,-0.638766,-100.00%
4,,2.911828,,nan%,0.0,0.766948,-0.766948,-100.00%,,10.901246,,nan%,0.0,0.635866,-0.635866,-100.00%
