class,dice_mean,dice_std,hd95_mean,hd95_std,jaccard_mean,jaccard_std,assd_mean,assd_std
0,0.998382,8.6e-05,1.912323,0.042237,0.996772,0.000164,0.329305,0.030607
1,0.508109,0.013433,16.61519,7.252824,0.351674,0.009051,4.931058,0.905244
2,0.861276,0.015391,11.993433,2.091696,0.769862,0.017768,4.420581,0.619947
3,0.794462,0.034009,15.918163,2.955061,0.667255,0.039045,3.382683,0.695518
4,0.770916,0.023666,11.537312,3.405107,0.638944,0.02796,3.075027,0.76427
