class,dice_mean,dice_std,hd95_mean,hd95_std,jaccard_mean,jaccard_std,assd_mean,assd_std
0,0.998382,8.2e-05,1.912322,0.037606,0.996772,0.000163,0.329305,0.024818
1,0.411634,0.019105,37.880062,3.501909,0.278807,0.014485,15.95949,2.410124
2,0.829907,0.019153,13.844927,1.375224,0.730921,0.022503,5.0895,0.406356
3,0.783585,0.025231,14.493331,1.696391,0.656624,0.029167,2.936642,0.673467
4,0.772051,0.022752,10.848327,2.728701,0.643067,0.027155,2.867461,0.551838
