class,assd_adamw,assd_baseline,assd_diff,assd_diff_pct,dice_adamw,dice_baseline,dice_diff,dice_diff_pct,hd95_adamw,hd95_baseline,hd95_diff,hd95_diff_pct,jaccard_adamw,jaccard_baseline,jaccard_diff,jaccard_diff_pct
0,0.32451629638671875,0.332021,-0.0075047036132812606,-2.2603099241557794,0.9984024167060852,0.99836,4.241670608517989e-05,0.004248638375453733,1.9807430505752563,1.986989,-0.0062459494247435465,-0.3143424258887969,0.9968132972717285,0.996729,8.429727172853951e-05,0.008457391299795584
1,20.032163619995117,15.932012,4.100151619995117,25.73530336278379,0.38347843289375305,0.412779,-0.029300567106246955,-7.098366706214937,42.31361770629883,37.838722,4.474895706298831,11.826233735639462,0.2551325857639313,0.279329,-0.02419641423606872,-8.662335180403295
2,5.3948974609375,5.09774,0.29715746093750006,5.829200016821181,0.830421507358551,0.829282,0.0011395073585510618,0.13740891018387735,13.43991756439209,13.85312,-0.4132024356079107,-2.9827391635090916,0.7307166457176208,0.729888,0.0008286457176208684,0.11353053038560276
3,2.6275477409362793,3.018317,-0.39076925906372084,-12.946594379043713,0.7741653323173523,0.770529,0.0036363323173522755,0.47192673051270945,11.756343841552734,14.664227,-2.907883158447266,-19.82977458305348,0.6421768665313721,0.638766,0.0034108665313721254,0.5339774708378539
4,3.0309512615203857,2.911828,0.11912326152038588,4.091012982922957,0.7723811268806458,0.766948,0.005433126880645789,0.7084087683448929,12.506561279296875,10.901246,1.6053152792968746,14.725979757698108,0.6432350277900696,0.635866,0.007369027790069538,1.1588963382331399
